session_id,play_id,camera_slot,camera_name,camera_target,video_type,azure_blob,azure_md5,cloudinary_url,cloudinary_public_id,uploaded_at
7d1748cb-c279-4549-b124-8d6820b496de,30354b83-5df6-4815-b6d9-8345ee85b33b,VideoClip2,ManualCamera,ManualUpload,ManualVideo,NA,NA,https://res.cloudinary.com/pitchingcoachu/video/upload/v1768973029/0_vewhaa.mov,0_vewhaa,2026-01-21 05:23:51
2109bf75-26ea-4e05-8f05-94587177fa48,01081074-2c3f-4c4d-bfb0-a0eb02f753e0,VideoClip,,PitchersHand,EdgertronicVideos,Plays/01081074-2c3f-4c4d-bfb0-a0eb02f753e0/Edgertronic/2bfa05b8-f299-4f78-91cc-1cc3edc1c306.mov,8JAi3ynaGEnscb+3iwps+A==,https://res.cloudinary.com/pitchingcoachu/video/upload/v1771384321/trackman/2109bf75-26ea-4e05-8f05-94587177fa48/VideoClip/01081074-2c3.mov,trackman/2109bf75-26ea-4e05-8f05-94587177fa48/VideoClip/01081074-2c3,2026-02-18T19:00:04Z
2109bf75-26ea-4e05-8f05-94587177fa48,05ec3cca-32cb-42ad-8695-1634ab744ff4,VideoClip,,PitchersHand,EdgertronicVideos,Plays/05ec3cca-32cb-42ad-8695-1634ab744ff4/Edgertronic/74929934-91a8-473f-ac5d-cc4aa79da4a8.mov,MU/hqDYlDWwGMKbYT5Txgw==,https://res.cloudinary.com/pitchingcoachu/video/upload/v1771384323/trackman/2109bf75-26ea-4e05-8f05-94587177fa48/VideoClip/05ec3cca-32c.mov,trackman/2109bf75-26ea-4e05-8f05-94587177fa48/VideoClip/05ec3cca-32c,2026-02-18T19:00:05Z
2109bf75-26ea-4e05-8f05-94587177fa48,0681d397-4dd3-47be-a007-f26689028579,VideoClip,,PitchersHand,EdgertronicVideos,Plays/0681d397-4dd3-47be-a007-f26689028579/Edgertronic/7c92bde4-8b65-452e-a39a-3cad4fc06cf9.mov,/StoKEK0BPeyis9vV2CK/g==,https://res.cloudinary.com/pitchingcoachu/video/upload/v1771384324/trackman/2109bf75-26ea-4e05-8f05-94587177fa48/VideoClip/0681d397-4dd.mov,trackman/2109bf75-26ea-4e05-8f05-94587177fa48/VideoClip/0681d397-4dd,2026-02-18T19:00:05Z
2109bf75-26ea-4e05-8f05-94587177fa48,07ce5628-7c0d-4747-a9d0-68839392ec9c,VideoClip,,PitchersHand,EdgertronicVideos,Plays/07ce5628-7c0d-4747-a9d0-68839392ec9c/Edgertronic/7c416c3b-8dc8-4a6c-8038-769bd42e09e2.mov,CfoGs3ekSmy/KpPBk3E3/A==,https://res.cloudinary.com/pitchingcoachu/video/upload/v1771384325/trackman/2109bf75-26ea-4e05-8f05-94587177fa48/VideoClip/07ce5628-7c0.mov,trackman/2109bf75-26ea-4e05-8f05-94587177fa48/VideoClip/07ce5628-7c0,2026-02-18T19:00:05Z
2109bf75-26ea-4e05-8f05-94587177fa48,0cf87975-af42-4b3a-80cc-401eaca94ec8,VideoClip,,PitchersHand,EdgertronicVideos,Plays/0cf87975-af42-4b3a-80cc-401eaca94ec8/Edgertronic/2aedec5a-7eb3-44f6-b4d4-7eb9ae2b476c.mov,/FgcylEGsgQRvQmkFFD/VA==,https://res.cloudinary.com/pitchingcoachu/video/upload/v1771384326/trackman/2109bf75-26ea-4e05-8f05-94587177fa48/VideoClip/0cf87975-af4.mov,trackman/2109bf75-26ea-4e05-8f05-94587177fa48/VideoClip/0cf87975-af4,2026-02-18T19:00:06Z
2109bf75-26ea-4e05-8f05-94587177fa48,0d8e0ec5-b9de-40c7-9e9f-6a0383594de3,VideoClip,,PitchersHand,EdgertronicVideos,Plays/0d8e0ec5-b9de-40c7-9e9f-6a0383594de3/Edgertronic/60d4c820-e6d7-49df-9270-6afed920ecb9.mov,RBmvSm8qWM4xJcUw1LzmrQ==,https://res.cloudinary.com/pitchingcoachu/video/upload/v1771384327/trackman/2109bf75-26ea-4e05-8f05-94587177fa48/VideoClip/0d8e0ec5-b9d.mov,trackman/2109bf75-26ea-4e05-8f05-94587177fa48/VideoClip/0d8e0ec5-b9d,2026-02-18T19:00:06Z
2109bf75-26ea-4e05-8f05-94587177fa48,10888446-8ca1-4b3b-951d-c461b79e51d3,VideoClip,,PitchersHand,EdgertronicVideos,Plays/10888446-8ca1-4b3b-951d-c461b79e51d3/Edgertronic/695b555b-dd7a-4db7-897a-be04e919f57b.mov,Qhspgul8qnSaYkBwMrrHqw==,https://res.cloudinary.com/pitchingcoachu/video/upload/v1771384329/trackman/2109bf75-26ea-4e05-8f05-94587177fa48/VideoClip/10888446-8ca.mov,trackman/2109bf75-26ea-4e05-8f05-94587177fa48/VideoClip/10888446-8ca,2026-02-18T19:00:06Z
2109bf75-26ea-4e05-8f05-94587177fa48,1117f377-476b-4f16-aa56-272684c06ad9,VideoClip,,PitchersHand,EdgertronicVideos,Plays/1117f377-476b-4f16-aa56-272684c06ad9/Edgertronic/11803d0d-36dd-4520-a2cd-1ff878e4592e.mov,VkjLGwkbjTn1WCRq4Yq8/Q==,https://res.cloudinary.com/pitchingcoachu/video/upload/v1771384331/trackman/2109bf75-26ea-4e05-8f05-94587177fa48/VideoClip/1117f377-476.mov,trackman/2109bf75-26ea-4e05-8f05-94587177fa48/VideoClip/1117f377-476,2026-02-18T19:00:06Z
2109bf75-26ea-4e05-8f05-94587177fa48,11b7f94d-1733-4fbe-8902-409a73affc3b,VideoClip,,PitchersHand,EdgertronicVideos,Plays/11b7f94d-1733-4fbe-8902-409a73affc3b/Edgertronic/bc149483-afc9-4027-81cf-546f241c5a3a.mov,ZlCo49v8mWWDuuYrAjpDyg==,https://res.cloudinary.com/pitchingcoachu/video/upload/v1771384333/trackman/2109bf75-26ea-4e05-8f05-94587177fa48/VideoClip/11b7f94d-173.mov,trackman/2109bf75-26ea-4e05-8f05-94587177fa48/VideoClip/11b7f94d-173,2026-02-18T19:00:07Z
2109bf75-26ea-4e05-8f05-94587177fa48,1202b06e-76e3-4978-988c-6d6dae8a0662,VideoClip,,PitchersHand,EdgertronicVideos,Plays/1202b06e-76e3-4978-988c-6d6dae8a0662/Edgertronic/a9a1c2d5-091e-4d48-b221-23322b7f6676.mov,FjeWUT7YwG2vqQzSVW0gWg==,https://res.cloudinary.com/pitchingcoachu/video/upload/v1771384335/trackman/2109bf75-26ea-4e05-8f05-94587177fa48/VideoClip/1202b06e-76e.mov,trackman/2109bf75-26ea-4e05-8f05-94587177fa48/VideoClip/1202b06e-76e,2026-02-18T19:00:07Z
2109bf75-26ea-4e05-8f05-94587177fa48,17e8850c-0a3b-4b9b-b560-611928e64c3f,VideoClip,,PitchersHand,EdgertronicVideos,Plays/17e8850c-0a3b-4b9b-b560-611928e64c3f/Edgertronic/f254b656-1bdc-455c-a10d-71b4b67ce356.mov,Pr8LfA7p4/+qyKoFfCrOUg==,https://res.cloudinary.com/pitchingcoachu/video/upload/v1771384336/trackman/2109bf75-26ea-4e05-8f05-94587177fa48/VideoClip/17e8850c-0a3.mov,trackman/2109bf75-26ea-4e05-8f05-94587177fa48/VideoClip/17e8850c-0a3,2026-02-18T19:00:07Z
2109bf75-26ea-4e05-8f05-94587177fa48,188a3ebb-ebd9-4072-b0fc-2e63d1f084c6,VideoClip,,PitchersHand,EdgertronicVideos,Plays/188a3ebb-ebd9-4072-b0fc-2e63d1f084c6/Edgertronic/bf1dc778-27fe-4d87-8912-2d3f6cbbbda7.mov,tvdIrv5p621s4JgSZFS0nw==,https://res.cloudinary.com/pitchingcoachu/video/upload/v1771384337/trackman/2109bf75-26ea-4e05-8f05-94587177fa48/VideoClip/188a3ebb-ebd.mov,trackman/2109bf75-26ea-4e05-8f05-94587177fa48/VideoClip/188a3ebb-ebd,2026-02-18T19:00:08Z
2109bf75-26ea-4e05-8f05-94587177fa48,1aec288e-24ee-4315-ac6d-272f93d3d6b0,VideoClip,,PitchersHand,EdgertronicVideos,Plays/1aec288e-24ee-4315-ac6d-272f93d3d6b0/Edgertronic/ca776afb-b8bc-4316-8d44-d88a066bca1c.mov,NhbfKDVI2G1wj1zDjHd+Og==,https://res.cloudinary.com/pitchingcoachu/video/upload/v1771384338/trackman/2109bf75-26ea-4e05-8f05-94587177fa48/VideoClip/1aec288e-24e.mov,trackman/2109bf75-26ea-4e05-8f05-94587177fa48/VideoClip/1aec288e-24e,2026-02-18T19:00:08Z
2109bf75-26ea-4e05-8f05-94587177fa48,1e0b43eb-5487-43e7-801a-04397804eba4,VideoClip,,PitchersHand,EdgertronicVideos,Plays/1e0b43eb-5487-43e7-801a-04397804eba4/Edgertronic/c40eafe1-b4ff-4b99-8a27-bfb0821827b3.mov,MOnzMdhNWvTN7Fycy8MO/Q==,https://res.cloudinary.com/pitchingcoachu/video/upload/v1771384340/trackman/2109bf75-26ea-4e05-8f05-94587177fa48/VideoClip/1e0b43eb-548.mov,trackman/2109bf75-26ea-4e05-8f05-94587177fa48/VideoClip/1e0b43eb-548,2026-02-18T19:00:08Z
2109bf75-26ea-4e05-8f05-94587177fa48,277f8004-02d9-4b97-b57f-f886cc68c292,VideoClip,,PitchersHand,EdgertronicVideos,Plays/277f8004-02d9-4b97-b57f-f886cc68c292/Edgertronic/c8a3de98-4faa-4390-9e16-765a5eef03ed.mov,diFbU9QP+N+056POAQlsTA==,https://res.cloudinary.com/pitchingcoachu/video/upload/v1771384341/trackman/2109bf75-26ea-4e05-8f05-94587177fa48/VideoClip/277f8004-02d.mov,trackman/2109bf75-26ea-4e05-8f05-94587177fa48/VideoClip/277f8004-02d,2026-02-18T19:00:09Z
2109bf75-26ea-4e05-8f05-94587177fa48,27e85b63-509e-4bbb-8a7c-ed3e0cd1aafb,VideoClip,,PitchersHand,EdgertronicVideos,Plays/27e85b63-509e-4bbb-8a7c-ed3e0cd1aafb/Edgertronic/541c54c2-fa44-43e2-8a58-0a8603f133aa.mov,mDcMJSuvr6DJDkeF7IctgA==,https://res.cloudinary.com/pitchingcoachu/video/upload/v1771384341/trackman/2109bf75-26ea-4e05-8f05-94587177fa48/VideoClip/27e85b63-509.mov,trackman/2109bf75-26ea-4e05-8f05-94587177fa48/VideoClip/27e85b63-509,2026-02-18T19:00:09Z
2109bf75-26ea-4e05-8f05-94587177fa48,2c89800d-fa60-40da-9903-a282cb76d6cd,VideoClip,,PitchersHand,EdgertronicVideos,Plays/2c89800d-fa60-40da-9903-a282cb76d6cd/Edgertronic/f46ef38f-ae33-462d-834f-046b107b4e32.mov,xdPNbw3VQ1KC7YjKTrFlrg==,https://res.cloudinary.com/pitchingcoachu/video/upload/v1771384342/trackman/2109bf75-26ea-4e05-8f05-94587177fa48/VideoClip/2c89800d-fa6.mov,trackman/2109bf75-26ea-4e05-8f05-94587177fa48/VideoClip/2c89800d-fa6,2026-02-18T19:00:09Z
2109bf75-26ea-4e05-8f05-94587177fa48,2d223b14-2252-4456-ab59-89437d5de1c3,VideoClip,,PitchersHand,EdgertronicVideos,Plays/2d223b14-2252-4456-ab59-89437d5de1c3/Edgertronic/fc8a480a-398f-4b74-868f-8f0fa0a86e56.mov,e1fzQreDvvnqqQuWQLi7SQ==,https://res.cloudinary.com/pitchingcoachu/video/upload/v1771384344/trackman/2109bf75-26ea-4e05-8f05-94587177fa48/VideoClip/2d223b14-225.mov,trackman/2109bf75-26ea-4e05-8f05-94587177fa48/VideoClip/2d223b14-225,2026-02-18T19:00:10Z
2109bf75-26ea-4e05-8f05-94587177fa48,32238143-05b3-4e6f-a4f8-414451baaba1,VideoClip,,PitchersHand,EdgertronicVideos,Plays/32238143-05b3-4e6f-a4f8-414451baaba1/Edgertronic/6b56f3a2-22c0-4f44-948a-b0ec2e96cf6c.mov,LHOzqlTyMQVgpqKGWjRTcw==,https://res.cloudinary.com/pitchingcoachu/video/upload/v1771384345/trackman/2109bf75-26ea-4e05-8f05-94587177fa48/VideoClip/32238143-05b.mov,trackman/2109bf75-26ea-4e05-8f05-94587177fa48/VideoClip/32238143-05b,2026-02-18T19:00:10Z
2109bf75-26ea-4e05-8f05-94587177fa48,33f141e7-0e69-4afb-9bcf-8eab3a1111ce,VideoClip,,PitchersHand,EdgertronicVideos,Plays/33f141e7-0e69-4afb-9bcf-8eab3a1111ce/Edgertronic/fa1cfc2e-b21c-4e26-85db-3df42e8e7d21.mov,BSwiBW5vAr5TU5LcuKZBsw==,https://res.cloudinary.com/pitchingcoachu/video/upload/v1771384346/trackman/2109bf75-26ea-4e05-8f05-94587177fa48/VideoClip/33f141e7-0e6.mov,trackman/2109bf75-26ea-4e05-8f05-94587177fa48/VideoClip/33f141e7-0e6,2026-02-18T19:00:11Z
2109bf75-26ea-4e05-8f05-94587177fa48,35e39bcc-a3ef-400b-b263-f8c55cab0b5e,VideoClip,,PitchersHand,EdgertronicVideos,Plays/35e39bcc-a3ef-400b-b263-f8c55cab0b5e/Edgertronic/52191b98-5205-414e-9b12-630aa1a75806.mov,oJb76HCiPljqhBuADrfx9g==,https://res.cloudinary.com/pitchingcoachu/video/upload/v1771384347/trackman/2109bf75-26ea-4e05-8f05-94587177fa48/VideoClip/35e39bcc-a3e.mov,trackman/2109bf75-26ea-4e05-8f05-94587177fa48/VideoClip/35e39bcc-a3e,2026-02-18T19:00:11Z
2109bf75-26ea-4e05-8f05-94587177fa48,3864ebd9-0cd8-4edb-8cf5-6a26f0863d44,VideoClip,,PitchersHand,EdgertronicVideos,Plays/3864ebd9-0cd8-4edb-8cf5-6a26f0863d44/Edgertronic/621e697c-4a5a-4373-848e-6e975b146098.mov,scxwChQddqbHZmgpL8vM2w==,https://res.cloudinary.com/pitchingcoachu/video/upload/v1771384348/trackman/2109bf75-26ea-4e05-8f05-94587177fa48/VideoClip/3864ebd9-0cd.mov,trackman/2109bf75-26ea-4e05-8f05-94587177fa48/VideoClip/3864ebd9-0cd,2026-02-18T19:00:11Z
2109bf75-26ea-4e05-8f05-94587177fa48,390769a1-4e68-4f78-9b8d-6f3198bbc666,VideoClip,,PitchersHand,EdgertronicVideos,Plays/390769a1-4e68-4f78-9b8d-6f3198bbc666/Edgertronic/00f46647-befb-4d60-8890-24e86308a05e.mov,GdfaaKez01WIFqyJA/wjCg==,https://res.cloudinary.com/pitchingcoachu/video/upload/v1771384349/trackman/2109bf75-26ea-4e05-8f05-94587177fa48/VideoClip/390769a1-4e6.mov,trackman/2109bf75-26ea-4e05-8f05-94587177fa48/VideoClip/390769a1-4e6,2026-02-18T19:00:12Z
2109bf75-26ea-4e05-8f05-94587177fa48,3ada0b84-bf63-48a9-8b53-06c5a08df798,VideoClip,,PitchersHand,EdgertronicVideos,Plays/3ada0b84-bf63-48a9-8b53-06c5a08df798/Edgertronic/67a5bdc6-2caa-4bd1-882c-89fdf82cd422.mov,S6JpVR5f6QlUaagYRUoHrg==,https://res.cloudinary.com/pitchingcoachu/video/upload/v1771384351/trackman/2109bf75-26ea-4e05-8f05-94587177fa48/VideoClip/3ada0b84-bf6.mov,trackman/2109bf75-26ea-4e05-8f05-94587177fa48/VideoClip/3ada0b84-bf6,2026-02-18T19:00:13Z
2109bf75-26ea-4e05-8f05-94587177fa48,455d7429-90f8-45c7-b04b-12b68ea7ea82,VideoClip,,PitchersHand,EdgertronicVideos,Plays/455d7429-90f8-45c7-b04b-12b68ea7ea82/Edgertronic/51cc9786-c850-45b1-b67c-1087b26b92b2.mov,3v79C+YRqJ4plQN72CPybQ==,https://res.cloudinary.com/pitchingcoachu/video/upload/v1771384352/trackman/2109bf75-26ea-4e05-8f05-94587177fa48/VideoClip/455d7429-90f.mov,trackman/2109bf75-26ea-4e05-8f05-94587177fa48/VideoClip/455d7429-90f,2026-02-18T19:00:13Z
2109bf75-26ea-4e05-8f05-94587177fa48,464effa6-4786-4d85-9e88-6cc66321c249,VideoClip,,PitchersHand,EdgertronicVideos,Plays/464effa6-4786-4d85-9e88-6cc66321c249/Edgertronic/d45826c8-813a-4806-bc31-6d64181b5bc7.mov,bw6QEc0g3Wl/R1PIwd6dqA==,https://res.cloudinary.com/pitchingcoachu/video/upload/v1771384353/trackman/2109bf75-26ea-4e05-8f05-94587177fa48/VideoClip/464effa6-478.mov,trackman/2109bf75-26ea-4e05-8f05-94587177fa48/VideoClip/464effa6-478,2026-02-18T19:00:14Z
2109bf75-26ea-4e05-8f05-94587177fa48,46a294a4-82f1-4fc3-bf62-bb7cca65e0c2,VideoClip,,PitchersHand,EdgertronicVideos,Plays/46a294a4-82f1-4fc3-bf62-bb7cca65e0c2/Edgertronic/ab53f2f4-0ae4-4d10-aadc-9397903a0b97.mov,KQWDYYdiJDGyvZ9bzhGIxQ==,https://res.cloudinary.com/pitchingcoachu/video/upload/v1771384354/trackman/2109bf75-26ea-4e05-8f05-94587177fa48/VideoClip/46a294a4-82f.mov,trackman/2109bf75-26ea-4e05-8f05-94587177fa48/VideoClip/46a294a4-82f,2026-02-18T19:00:14Z
2109bf75-26ea-4e05-8f05-94587177fa48,4aa9e846-7f1b-4ef4-8703-654fe84699c8,VideoClip,,PitchersHand,EdgertronicVideos,Plays/4aa9e846-7f1b-4ef4-8703-654fe84699c8/Edgertronic/7f67145a-7b1f-4dec-a599-93205944487c.mov,reH1hgasOFz1a5dNtZVVwA==,https://res.cloudinary.com/pitchingcoachu/video/upload/v1771384355/trackman/2109bf75-26ea-4e05-8f05-94587177fa48/VideoClip/4aa9e846-7f1.mov,trackman/2109bf75-26ea-4e05-8f05-94587177fa48/VideoClip/4aa9e846-7f1,2026-02-18T19:00:14Z
2109bf75-26ea-4e05-8f05-94587177fa48,52a04f7b-033b-46b6-bbd0-8ad108c1083e,VideoClip,,PitchersHand,EdgertronicVideos,Plays/52a04f7b-033b-46b6-bbd0-8ad108c1083e/Edgertronic/f035679f-ed0f-4318-a195-8dbc2dc05c11.mov,8EsUFGEdBg/7EsbnZzvlEw==,https://res.cloudinary.com/pitchingcoachu/video/upload/v1771384357/trackman/2109bf75-26ea-4e05-8f05-94587177fa48/VideoClip/52a04f7b-033.mov,trackman/2109bf75-26ea-4e05-8f05-94587177fa48/VideoClip/52a04f7b-033,2026-02-18T19:00:15Z
2109bf75-26ea-4e05-8f05-94587177fa48,547bf6c3-c84c-471e-96cc-3692d903e9ae,VideoClip,,PitchersHand,EdgertronicVideos,Plays/547bf6c3-c84c-471e-96cc-3692d903e9ae/Edgertronic/7af4415b-c333-4ac0-aa08-694a0a7863c4.mov,eTFq99DmS3YS0BMRrmZTNA==,https://res.cloudinary.com/pitchingcoachu/video/upload/v1771384359/trackman/2109bf75-26ea-4e05-8f05-94587177fa48/VideoClip/547bf6c3-c84.mov,trackman/2109bf75-26ea-4e05-8f05-94587177fa48/VideoClip/547bf6c3-c84,2026-02-18T19:00:15Z
2109bf75-26ea-4e05-8f05-94587177fa48,55cc7ef6-3947-4ef0-966b-752d298b918b,VideoClip,,PitchersHand,EdgertronicVideos,Plays/55cc7ef6-3947-4ef0-966b-752d298b918b/Edgertronic/d321241f-4b68-4711-891a-8abd09c61af6.mov,g+tht1VT+rk7zlaJCt/bcQ==,https://res.cloudinary.com/pitchingcoachu/video/upload/v1771384360/trackman/2109bf75-26ea-4e05-8f05-94587177fa48/VideoClip/55cc7ef6-394.mov,trackman/2109bf75-26ea-4e05-8f05-94587177fa48/VideoClip/55cc7ef6-394,2026-02-18T19:00:15Z
2109bf75-26ea-4e05-8f05-94587177fa48,57ba8c1a-eba4-458f-b24b-0f6b4698b711,VideoClip,,PitchersHand,EdgertronicVideos,Plays/57ba8c1a-eba4-458f-b24b-0f6b4698b711/Edgertronic/67795b66-d665-48d5-9c58-5089b2bc7061.mov,qnkmj5A2vZEudr3D04cCjw==,https://res.cloudinary.com/pitchingcoachu/video/upload/v1771384361/trackman/2109bf75-26ea-4e05-8f05-94587177fa48/VideoClip/57ba8c1a-eba.mov,trackman/2109bf75-26ea-4e05-8f05-94587177fa48/VideoClip/57ba8c1a-eba,2026-02-18T19:00:16Z
2109bf75-26ea-4e05-8f05-94587177fa48,58cf066c-71f5-4a9b-9c68-43aba12b7919,VideoClip,,PitchersHand,EdgertronicVideos,Plays/58cf066c-71f5-4a9b-9c68-43aba12b7919/Edgertronic/1775c713-abd1-4312-ae33-895b16c48b07.mov,XW+I3phOeZJx/nHXekrmpg==,https://res.cloudinary.com/pitchingcoachu/video/upload/v1771384363/trackman/2109bf75-26ea-4e05-8f05-94587177fa48/VideoClip/58cf066c-71f.mov,trackman/2109bf75-26ea-4e05-8f05-94587177fa48/VideoClip/58cf066c-71f,2026-02-18T19:00:16Z
2109bf75-26ea-4e05-8f05-94587177fa48,593d5c32-10d6-464d-9b6d-6e0f60278757,VideoClip,,PitchersHand,EdgertronicVideos,Plays/593d5c32-10d6-464d-9b6d-6e0f60278757/Edgertronic/17e665fa-3977-432a-be45-47274059ac82.mov,Sg2aq8HSSbyivyjUzQ5V1w==,https://res.cloudinary.com/pitchingcoachu/video/upload/v1771384366/trackman/2109bf75-26ea-4e05-8f05-94587177fa48/VideoClip/593d5c32-10d.mov,trackman/2109bf75-26ea-4e05-8f05-94587177fa48/VideoClip/593d5c32-10d,2026-02-18T19:00:16Z
2109bf75-26ea-4e05-8f05-94587177fa48,5a2eab63-3b86-4959-8b41-20712ade70bf,VideoClip,,PitchersHand,EdgertronicVideos,Plays/5a2eab63-3b86-4959-8b41-20712ade70bf/Edgertronic/ad877161-3a6e-4da2-abe6-56c8d6b7705a.mov,HFuBx4WIULLsOqyBnHrzYQ==,https://res.cloudinary.com/pitchingcoachu/video/upload/v1771384367/trackman/2109bf75-26ea-4e05-8f05-94587177fa48/VideoClip/5a2eab63-3b8.mov,trackman/2109bf75-26ea-4e05-8f05-94587177fa48/VideoClip/5a2eab63-3b8,2026-02-18T19:00:17Z
2109bf75-26ea-4e05-8f05-94587177fa48,5e2a436a-64dc-4baf-9ebd-73b698951819,VideoClip,,PitchersHand,EdgertronicVideos,Plays/5e2a436a-64dc-4baf-9ebd-73b698951819/Edgertronic/154ab43a-5ff1-471e-aa6a-4ece2498ac88.mov,DKUJp0J8ZJpFBxLq0ExIRg==,https://res.cloudinary.com/pitchingcoachu/video/upload/v1771384368/trackman/2109bf75-26ea-4e05-8f05-94587177fa48/VideoClip/5e2a436a-64d.mov,trackman/2109bf75-26ea-4e05-8f05-94587177fa48/VideoClip/5e2a436a-64d,2026-02-18T19:00:17Z
2109bf75-26ea-4e05-8f05-94587177fa48,5fa870ee-0058-4502-bb48-18e2b6352924,VideoClip,,PitchersHand,EdgertronicVideos,Plays/5fa870ee-0058-4502-bb48-18e2b6352924/Edgertronic/15797e5d-830f-41d9-a6a8-45293c73a505.mov,7EZbIkHZ/wtZpRK+snvhBg==,https://res.cloudinary.com/pitchingcoachu/video/upload/v1771384369/trackman/2109bf75-26ea-4e05-8f05-94587177fa48/VideoClip/5fa870ee-005.mov,trackman/2109bf75-26ea-4e05-8f05-94587177fa48/VideoClip/5fa870ee-005,2026-02-18T19:00:17Z
2109bf75-26ea-4e05-8f05-94587177fa48,6616a796-26fb-48f7-b5a3-cecd2912ab15,VideoClip,,PitchersHand,EdgertronicVideos,Plays/6616a796-26fb-48f7-b5a3-cecd2912ab15/Edgertronic/2b7cd11b-804e-4854-86c0-557c7d70bd2c.mov,OxPZmY+rJ6cWa6EXubTwqw==,https://res.cloudinary.com/pitchingcoachu/video/upload/v1771384370/trackman/2109bf75-26ea-4e05-8f05-94587177fa48/VideoClip/6616a796-26f.mov,trackman/2109bf75-26ea-4e05-8f05-94587177fa48/VideoClip/6616a796-26f,2026-02-18T19:00:18Z
2109bf75-26ea-4e05-8f05-94587177fa48,6845897f-0994-4393-b9a4-0e93cfb59144,VideoClip,,PitchersHand,EdgertronicVideos,Plays/6845897f-0994-4393-b9a4-0e93cfb59144/Edgertronic/7efb458c-a7ad-4050-8462-3ce6c199b3c0.mov,+a/vkZB3FpFRNsbeHd86wQ==,https://res.cloudinary.com/pitchingcoachu/video/upload/v1771384371/trackman/2109bf75-26ea-4e05-8f05-94587177fa48/VideoClip/6845897f-099.mov,trackman/2109bf75-26ea-4e05-8f05-94587177fa48/VideoClip/6845897f-099,2026-02-18T19:00:18Z
2109bf75-26ea-4e05-8f05-94587177fa48,68805ac6-b616-409b-80b2-e7eb12d860dc,VideoClip,,PitchersHand,EdgertronicVideos,Plays/68805ac6-b616-409b-80b2-e7eb12d860dc/Edgertronic/0c7fabbd-758d-49e3-9f73-9bb08d617188.mov,6Zg6U1qqjvwOINuXsz/6sA==,https://res.cloudinary.com/pitchingcoachu/video/upload/v1771384372/trackman/2109bf75-26ea-4e05-8f05-94587177fa48/VideoClip/68805ac6-b61.mov,trackman/2109bf75-26ea-4e05-8f05-94587177fa48/VideoClip/68805ac6-b61,2026-02-18T19:00:18Z
2109bf75-26ea-4e05-8f05-94587177fa48,689f98dc-d047-4661-8894-3345521f1d53,VideoClip,,PitchersHand,EdgertronicVideos,Plays/689f98dc-d047-4661-8894-3345521f1d53/Edgertronic/35789de8-7c72-4590-8d56-9b019465452f.mov,U98++7fl0kl6tIT0I8HvMQ==,https://res.cloudinary.com/pitchingcoachu/video/upload/v1771384373/trackman/2109bf75-26ea-4e05-8f05-94587177fa48/VideoClip/689f98dc-d04.mov,trackman/2109bf75-26ea-4e05-8f05-94587177fa48/VideoClip/689f98dc-d04,2026-02-18T19:00:19Z
2109bf75-26ea-4e05-8f05-94587177fa48,6a39d69c-d52b-49f2-be6a-66c8cdca7fb7,VideoClip,,PitchersHand,EdgertronicVideos,Plays/6a39d69c-d52b-49f2-be6a-66c8cdca7fb7/Edgertronic/8076b0eb-9fb3-43b1-a2c6-c6f779dcf6eb.mov,Tjm04Bm6svEipfJnJPcgPQ==,https://res.cloudinary.com/pitchingcoachu/video/upload/v1771384374/trackman/2109bf75-26ea-4e05-8f05-94587177fa48/VideoClip/6a39d69c-d52.mov,trackman/2109bf75-26ea-4e05-8f05-94587177fa48/VideoClip/6a39d69c-d52,2026-02-18T19:00:19Z
2109bf75-26ea-4e05-8f05-94587177fa48,6bc9a5b1-8475-45dd-8a91-8dba4f01e28a,VideoClip,,PitchersHand,EdgertronicVideos,Plays/6bc9a5b1-8475-45dd-8a91-8dba4f01e28a/Edgertronic/38813dcb-fb0f-47da-9f19-5ee096174a04.mov,pSC8aaM8rpFO6nwx4VrFog==,https://res.cloudinary.com/pitchingcoachu/video/upload/v1771384375/trackman/2109bf75-26ea-4e05-8f05-94587177fa48/VideoClip/6bc9a5b1-847.mov,trackman/2109bf75-26ea-4e05-8f05-94587177fa48/VideoClip/6bc9a5b1-847,2026-02-18T19:00:19Z
2109bf75-26ea-4e05-8f05-94587177fa48,7285e7f0-e9eb-4c7a-9225-1e64aa2c5de3,VideoClip,,PitchersHand,EdgertronicVideos,Plays/7285e7f0-e9eb-4c7a-9225-1e64aa2c5de3/Edgertronic/00ca4c0d-9143-4299-8454-5f8a276727fb.mov,NvF4Bs/REzCX/5UW+L8MMQ==,https://res.cloudinary.com/pitchingcoachu/video/upload/v1771384377/trackman/2109bf75-26ea-4e05-8f05-94587177fa48/VideoClip/7285e7f0-e9e.mov,trackman/2109bf75-26ea-4e05-8f05-94587177fa48/VideoClip/7285e7f0-e9e,2026-02-18T19:00:19Z
2109bf75-26ea-4e05-8f05-94587177fa48,74f6450c-d39c-4f6b-8da1-41c2a39c37dd,VideoClip,,PitchersHand,EdgertronicVideos,Plays/74f6450c-d39c-4f6b-8da1-41c2a39c37dd/Edgertronic/3205c44b-361a-4c7d-8757-0b42052ad2ff.mov,byXeqqZP9ihDimi/LjYsjA==,https://res.cloudinary.com/pitchingcoachu/video/upload/v1771384378/trackman/2109bf75-26ea-4e05-8f05-94587177fa48/VideoClip/74f6450c-d39.mov,trackman/2109bf75-26ea-4e05-8f05-94587177fa48/VideoClip/74f6450c-d39,2026-02-18T19:00:20Z
2109bf75-26ea-4e05-8f05-94587177fa48,7550bd57-c651-4023-9ae0-bb59dad7fce5,VideoClip,,PitchersHand,EdgertronicVideos,Plays/7550bd57-c651-4023-9ae0-bb59dad7fce5/Edgertronic/03712ed0-ddd5-4428-8da7-52b64e9819e9.mov,0MZy5+2eIXeryYqHAbb1dA==,https://res.cloudinary.com/pitchingcoachu/video/upload/v1771384379/trackman/2109bf75-26ea-4e05-8f05-94587177fa48/VideoClip/7550bd57-c65.mov,trackman/2109bf75-26ea-4e05-8f05-94587177fa48/VideoClip/7550bd57-c65,2026-02-18T19:00:21Z
2109bf75-26ea-4e05-8f05-94587177fa48,77e38a9d-1220-4935-bded-3ad27bddab70,VideoClip,,PitchersHand,EdgertronicVideos,Plays/77e38a9d-1220-4935-bded-3ad27bddab70/Edgertronic/bdec13a2-ea55-4da3-bc2f-841e6be46cd0.mov,7fsX/Y9H4o3UWPJB4/oqTA==,https://res.cloudinary.com/pitchingcoachu/video/upload/v1771384380/trackman/2109bf75-26ea-4e05-8f05-94587177fa48/VideoClip/77e38a9d-122.mov,trackman/2109bf75-26ea-4e05-8f05-94587177fa48/VideoClip/77e38a9d-122,2026-02-18T19:00:21Z
2109bf75-26ea-4e05-8f05-94587177fa48,782bdf57-2642-4eaf-8e29-0cde9e4bdf94,VideoClip,,PitchersHand,EdgertronicVideos,Plays/782bdf57-2642-4eaf-8e29-0cde9e4bdf94/Edgertronic/5561f668-65f6-4175-b798-ec46b5ac0632.mov,Co80gBVw/NNM5+ApLDNFSw==,https://res.cloudinary.com/pitchingcoachu/video/upload/v1771384381/trackman/2109bf75-26ea-4e05-8f05-94587177fa48/VideoClip/782bdf57-264.mov,trackman/2109bf75-26ea-4e05-8f05-94587177fa48/VideoClip/782bdf57-264,2026-02-18T19:00:21Z
2109bf75-26ea-4e05-8f05-94587177fa48,7aaa520e-796a-48ef-ae85-5610be4e83fd,VideoClip,,PitchersHand,EdgertronicVideos,Plays/7aaa520e-796a-48ef-ae85-5610be4e83fd/Edgertronic/dafcf6d2-b251-4588-b6dc-aac205090f48.mov,JXbvEnH1QZqtJuRQQ3PBVQ==,https://res.cloudinary.com/pitchingcoachu/video/upload/v1771384382/trackman/2109bf75-26ea-4e05-8f05-94587177fa48/VideoClip/7aaa520e-796.mov,trackman/2109bf75-26ea-4e05-8f05-94587177fa48/VideoClip/7aaa520e-796,2026-02-18T19:00:21Z
2109bf75-26ea-4e05-8f05-94587177fa48,7e286d06-9878-4ed2-b55c-2ad459d5af5c,VideoClip,,PitchersHand,EdgertronicVideos,Plays/7e286d06-9878-4ed2-b55c-2ad459d5af5c/Edgertronic/b67f5dea-a19b-48bb-86cb-aff2f4c003b5.mov,JABdg3XIsU8+mZtONZSjRw==,https://res.cloudinary.com/pitchingcoachu/video/upload/v1771384383/trackman/2109bf75-26ea-4e05-8f05-94587177fa48/VideoClip/7e286d06-987.mov,trackman/2109bf75-26ea-4e05-8f05-94587177fa48/VideoClip/7e286d06-987,2026-02-18T19:00:22Z
2109bf75-26ea-4e05-8f05-94587177fa48,850b2f66-5ef9-4a3e-aeb4-d230b16b557e,VideoClip,,PitchersHand,EdgertronicVideos,Plays/850b2f66-5ef9-4a3e-aeb4-d230b16b557e/Edgertronic/d8927b2f-d8c0-4d13-9878-1037c0456d9d.mov,NbZw6J4OuQ99EiiPUmmX/w==,https://res.cloudinary.com/pitchingcoachu/video/upload/v1771384384/trackman/2109bf75-26ea-4e05-8f05-94587177fa48/VideoClip/850b2f66-5ef.mov,trackman/2109bf75-26ea-4e05-8f05-94587177fa48/VideoClip/850b2f66-5ef,2026-02-18T19:00:22Z
2109bf75-26ea-4e05-8f05-94587177fa48,92a76110-a38f-44af-8102-e050e46d0eb1,VideoClip,,PitchersHand,EdgertronicVideos,Plays/92a76110-a38f-44af-8102-e050e46d0eb1/Edgertronic/8f57dc44-7a72-4e5d-98eb-310fcbe2ec24.mov,OSOk7eALbjf8RMflWJqZJw==,https://res.cloudinary.com/pitchingcoachu/video/upload/v1771384385/trackman/2109bf75-26ea-4e05-8f05-94587177fa48/VideoClip/92a76110-a38.mov,trackman/2109bf75-26ea-4e05-8f05-94587177fa48/VideoClip/92a76110-a38,2026-02-18T19:00:23Z
2109bf75-26ea-4e05-8f05-94587177fa48,92ace6c0-dec4-474c-b5f9-9fa47cf67046,VideoClip,,PitchersHand,EdgertronicVideos,Plays/92ace6c0-dec4-474c-b5f9-9fa47cf67046/Edgertronic/ab3533e9-5b28-4d6f-bf94-6380d1aaa4ff.mov,eBKBr7Jv8puLfsI1ANRZ9Q==,https://res.cloudinary.com/pitchingcoachu/video/upload/v1771384387/trackman/2109bf75-26ea-4e05-8f05-94587177fa48/VideoClip/92ace6c0-dec.mov,trackman/2109bf75-26ea-4e05-8f05-94587177fa48/VideoClip/92ace6c0-dec,2026-02-18T19:00:24Z
2109bf75-26ea-4e05-8f05-94587177fa48,944276f5-b03e-4639-a5dc-67eeaf4d3ef3,VideoClip,,PitchersHand,EdgertronicVideos,Plays/944276f5-b03e-4639-a5dc-67eeaf4d3ef3/Edgertronic/aefe937c-968f-4847-9f4d-63ddddac1de8.mov,PkA68EY8h0bFo6vtQU8rmQ==,https://res.cloudinary.com/pitchingcoachu/video/upload/v1771384388/trackman/2109bf75-26ea-4e05-8f05-94587177fa48/VideoClip/944276f5-b03.mov,trackman/2109bf75-26ea-4e05-8f05-94587177fa48/VideoClip/944276f5-b03,2026-02-18T19:00:24Z
2109bf75-26ea-4e05-8f05-94587177fa48,95079ce8-ee9f-4d1d-b389-10776e5d042d,VideoClip,,PitchersHand,EdgertronicVideos,Plays/95079ce8-ee9f-4d1d-b389-10776e5d042d/Edgertronic/11e838e3-80cc-4d0a-ad0d-7b56c1fcf54f.mov,uXA6yp8yBFgZT2e4GI4oZA==,https://res.cloudinary.com/pitchingcoachu/video/upload/v1771384390/trackman/2109bf75-26ea-4e05-8f05-94587177fa48/VideoClip/95079ce8-ee9.mov,trackman/2109bf75-26ea-4e05-8f05-94587177fa48/VideoClip/95079ce8-ee9,2026-02-18T19:00:25Z
2109bf75-26ea-4e05-8f05-94587177fa48,95d42f4f-f71c-4449-a5af-d34800feb629,VideoClip,,PitchersHand,EdgertronicVideos,Plays/95d42f4f-f71c-4449-a5af-d34800feb629/Edgertronic/a80e3690-3c50-4b95-beee-c4ad499429f3.mov,VnZevR/az5bHUu35v5MIcQ==,https://res.cloudinary.com/pitchingcoachu/video/upload/v1771384393/trackman/2109bf75-26ea-4e05-8f05-94587177fa48/VideoClip/95d42f4f-f71.mov,trackman/2109bf75-26ea-4e05-8f05-94587177fa48/VideoClip/95d42f4f-f71,2026-02-18T19:00:25Z
2109bf75-26ea-4e05-8f05-94587177fa48,98b14d52-40c5-40f6-b3f7-a0da2bd46bfa,VideoClip,,PitchersHand,EdgertronicVideos,Plays/98b14d52-40c5-40f6-b3f7-a0da2bd46bfa/Edgertronic/c267081a-7ea1-4732-92d9-d6d7d0351df2.mov,12j4QFXAyh0tjGIgnn+emg==,https://res.cloudinary.com/pitchingcoachu/video/upload/v1771384395/trackman/2109bf75-26ea-4e05-8f05-94587177fa48/VideoClip/98b14d52-40c.mov,trackman/2109bf75-26ea-4e05-8f05-94587177fa48/VideoClip/98b14d52-40c,2026-02-18T19:00:25Z
2109bf75-26ea-4e05-8f05-94587177fa48,9a7c576c-765d-4628-a3cd-31843a3fc9dc,VideoClip,,PitchersHand,EdgertronicVideos,Plays/9a7c576c-765d-4628-a3cd-31843a3fc9dc/Edgertronic/f9635e0a-4d28-4444-85c0-e0bfb7f99846.mov,7qzkmi2fyUWROpaoahAwIQ==,https://res.cloudinary.com/pitchingcoachu/video/upload/v1771384396/trackman/2109bf75-26ea-4e05-8f05-94587177fa48/VideoClip/9a7c576c-765.mov,trackman/2109bf75-26ea-4e05-8f05-94587177fa48/VideoClip/9a7c576c-765,2026-02-18T19:00:26Z
2109bf75-26ea-4e05-8f05-94587177fa48,9d1c2c92-8e31-4833-9fc4-84465099ab4f,VideoClip,,PitchersHand,EdgertronicVideos,Plays/9d1c2c92-8e31-4833-9fc4-84465099ab4f/Edgertronic/5ebe3600-f969-4414-85dd-7f764406230b.mov,sphqFkg2JEi5yAJzvOmS3A==,https://res.cloudinary.com/pitchingcoachu/video/upload/v1771384397/trackman/2109bf75-26ea-4e05-8f05-94587177fa48/VideoClip/9d1c2c92-8e3.mov,trackman/2109bf75-26ea-4e05-8f05-94587177fa48/VideoClip/9d1c2c92-8e3,2026-02-18T19:00:26Z
2109bf75-26ea-4e05-8f05-94587177fa48,9daea7dd-edac-4c58-9586-14b20f2de666,VideoClip,,PitchersHand,EdgertronicVideos,Plays/9daea7dd-edac-4c58-9586-14b20f2de666/Edgertronic/b6c3b3d0-ae12-42cd-9636-2585291ec903.mov,4GpGkM5TbjX+Qa43kdG+oA==,https://res.cloudinary.com/pitchingcoachu/video/upload/v1771384398/trackman/2109bf75-26ea-4e05-8f05-94587177fa48/VideoClip/9daea7dd-eda.mov,trackman/2109bf75-26ea-4e05-8f05-94587177fa48/VideoClip/9daea7dd-eda,2026-02-18T19:00:26Z
2109bf75-26ea-4e05-8f05-94587177fa48,a236f262-a112-4a9b-8dce-4b87fb986c59,VideoClip,,PitchersHand,EdgertronicVideos,Plays/a236f262-a112-4a9b-8dce-4b87fb986c59/Edgertronic/720b7288-fa71-440a-a090-d43f6939bdbb.mov,z+G9Obh1M16cCn2GAK9TXQ==,https://res.cloudinary.com/pitchingcoachu/video/upload/v1771384399/trackman/2109bf75-26ea-4e05-8f05-94587177fa48/VideoClip/a236f262-a11.mov,trackman/2109bf75-26ea-4e05-8f05-94587177fa48/VideoClip/a236f262-a11,2026-02-18T19:00:27Z
2109bf75-26ea-4e05-8f05-94587177fa48,a2413b22-7f23-47c8-872b-bb573540fccb,VideoClip,,PitchersHand,EdgertronicVideos,Plays/a2413b22-7f23-47c8-872b-bb573540fccb/Edgertronic/a0ea084f-ab0a-429e-b01e-0893ee417d01.mov,VcFw2Bbtcy2eRgt92WWnUQ==,https://res.cloudinary.com/pitchingcoachu/video/upload/v1771384400/trackman/2109bf75-26ea-4e05-8f05-94587177fa48/VideoClip/a2413b22-7f2.mov,trackman/2109bf75-26ea-4e05-8f05-94587177fa48/VideoClip/a2413b22-7f2,2026-02-18T19:00:27Z
2109bf75-26ea-4e05-8f05-94587177fa48,a3671635-9bdc-45fe-a7c0-c453d6ca6fe3,VideoClip,,PitchersHand,EdgertronicVideos,Plays/a3671635-9bdc-45fe-a7c0-c453d6ca6fe3/Edgertronic/d3a7ccec-5946-46ed-a6aa-81cfd9e3436f.mov,lhhat75QRO4gVtBPDt41dQ==,https://res.cloudinary.com/pitchingcoachu/video/upload/v1771384401/trackman/2109bf75-26ea-4e05-8f05-94587177fa48/VideoClip/a3671635-9bd.mov,trackman/2109bf75-26ea-4e05-8f05-94587177fa48/VideoClip/a3671635-9bd,2026-02-18T19:00:27Z
2109bf75-26ea-4e05-8f05-94587177fa48,a4edaa65-061e-46f6-8b6d-fc335b6178cf,VideoClip,,PitchersHand,EdgertronicVideos,Plays/a4edaa65-061e-46f6-8b6d-fc335b6178cf/Edgertronic/a43f024f-6556-4f07-8b14-c03c1e514f9b.mov,j4HGpD+kKXZqCRwY+KtAxg==,https://res.cloudinary.com/pitchingcoachu/video/upload/v1771384402/trackman/2109bf75-26ea-4e05-8f05-94587177fa48/VideoClip/a4edaa65-061.mov,trackman/2109bf75-26ea-4e05-8f05-94587177fa48/VideoClip/a4edaa65-061,2026-02-18T19:00:28Z
2109bf75-26ea-4e05-8f05-94587177fa48,a533b8c4-b969-4bd0-b183-358ca2f0f955,VideoClip,,PitchersHand,EdgertronicVideos,Plays/a533b8c4-b969-4bd0-b183-358ca2f0f955/Edgertronic/6039b8ac-4e15-40fb-972c-f3a665595005.mov,mkUa9aVaWVw1bPa9UXCWlQ==,https://res.cloudinary.com/pitchingcoachu/video/upload/v1771384403/trackman/2109bf75-26ea-4e05-8f05-94587177fa48/VideoClip/a533b8c4-b96.mov,trackman/2109bf75-26ea-4e05-8f05-94587177fa48/VideoClip/a533b8c4-b96,2026-02-18T19:00:28Z
2109bf75-26ea-4e05-8f05-94587177fa48,a68b9712-e94d-4993-b6ce-4e18b7d05f16,VideoClip,,PitchersHand,EdgertronicVideos,Plays/a68b9712-e94d-4993-b6ce-4e18b7d05f16/Edgertronic/050218bf-af08-41b9-a8d1-329a63fa3648.mov,hPP3T0thLQkmsAOCtggzSA==,https://res.cloudinary.com/pitchingcoachu/video/upload/v1771384404/trackman/2109bf75-26ea-4e05-8f05-94587177fa48/VideoClip/a68b9712-e94.mov,trackman/2109bf75-26ea-4e05-8f05-94587177fa48/VideoClip/a68b9712-e94,2026-02-18T19:00:28Z
2109bf75-26ea-4e05-8f05-94587177fa48,a91ecde2-6073-4746-9068-e330a4019966,VideoClip,,PitchersHand,EdgertronicVideos,Plays/a91ecde2-6073-4746-9068-e330a4019966/Edgertronic/5b79aa76-1eaf-4b55-bc5e-115ebe282f14.mov,PHSiKv/5e9pB6FiZi8YZYw==,https://res.cloudinary.com/pitchingcoachu/video/upload/v1771384405/trackman/2109bf75-26ea-4e05-8f05-94587177fa48/VideoClip/a91ecde2-607.mov,trackman/2109bf75-26ea-4e05-8f05-94587177fa48/VideoClip/a91ecde2-607,2026-02-18T19:00:29Z
2109bf75-26ea-4e05-8f05-94587177fa48,a98a921e-7563-4924-ac57-1bd4f5e94754,VideoClip,,PitchersHand,EdgertronicVideos,Plays/a98a921e-7563-4924-ac57-1bd4f5e94754/Edgertronic/bd088b1a-0fd1-42e9-9715-8a6aa63f0da9.mov,6PP3aUu01VPphpQedsHmyw==,https://res.cloudinary.com/pitchingcoachu/video/upload/v1771384406/trackman/2109bf75-26ea-4e05-8f05-94587177fa48/VideoClip/a98a921e-756.mov,trackman/2109bf75-26ea-4e05-8f05-94587177fa48/VideoClip/a98a921e-756,2026-02-18T19:00:29Z
2109bf75-26ea-4e05-8f05-94587177fa48,a9d5986c-6712-470e-afd4-1211108ad008,VideoClip,,PitchersHand,EdgertronicVideos,Plays/a9d5986c-6712-470e-afd4-1211108ad008/Edgertronic/d3beec16-af3c-4177-8fd9-9a84bc1393cd.mov,ZEjetDD1xSn9uOnQceMQqg==,https://res.cloudinary.com/pitchingcoachu/video/upload/v1771384407/trackman/2109bf75-26ea-4e05-8f05-94587177fa48/VideoClip/a9d5986c-671.mov,trackman/2109bf75-26ea-4e05-8f05-94587177fa48/VideoClip/a9d5986c-671,2026-02-18T19:00:29Z
2109bf75-26ea-4e05-8f05-94587177fa48,aae90ed3-344d-4cd5-a711-961fb9131e3f,VideoClip,,PitchersHand,EdgertronicVideos,Plays/aae90ed3-344d-4cd5-a711-961fb9131e3f/Edgertronic/b102c037-7715-474d-a97b-7f22e6b94376.mov,X8chPhMSNqO1TXDXQKGJuA==,https://res.cloudinary.com/pitchingcoachu/video/upload/v1771384408/trackman/2109bf75-26ea-4e05-8f05-94587177fa48/VideoClip/aae90ed3-344.mov,trackman/2109bf75-26ea-4e05-8f05-94587177fa48/VideoClip/aae90ed3-344,2026-02-18T19:00:30Z
2109bf75-26ea-4e05-8f05-94587177fa48,aaf4e73c-ddce-4fac-bdec-1771fc969a9a,VideoClip,,PitchersHand,EdgertronicVideos,Plays/aaf4e73c-ddce-4fac-bdec-1771fc969a9a/Edgertronic/dba0993b-515d-4f84-bcbb-78c8626eade5.mov,Epb7ErJnfuB2Y8x9eLBrQw==,https://res.cloudinary.com/pitchingcoachu/video/upload/v1771384409/trackman/2109bf75-26ea-4e05-8f05-94587177fa48/VideoClip/aaf4e73c-ddc.mov,trackman/2109bf75-26ea-4e05-8f05-94587177fa48/VideoClip/aaf4e73c-ddc,2026-02-18T19:00:30Z
2109bf75-26ea-4e05-8f05-94587177fa48,ad55b2f7-47ad-44c9-87ee-5db68b731ddf,VideoClip,,PitchersHand,EdgertronicVideos,Plays/ad55b2f7-47ad-44c9-87ee-5db68b731ddf/Edgertronic/34a2b671-0146-460f-a67a-64ba27eb3964.mov,cgP79vID/N+hG5JRUOWG7w==,https://res.cloudinary.com/pitchingcoachu/video/upload/v1771384410/trackman/2109bf75-26ea-4e05-8f05-94587177fa48/VideoClip/ad55b2f7-47a.mov,trackman/2109bf75-26ea-4e05-8f05-94587177fa48/VideoClip/ad55b2f7-47a,2026-02-18T19:00:31Z
2109bf75-26ea-4e05-8f05-94587177fa48,af1ce823-6e2b-4df7-9eb1-a96648487add,VideoClip,,PitchersHand,EdgertronicVideos,Plays/af1ce823-6e2b-4df7-9eb1-a96648487add/Edgertronic/294c69bf-f1a5-4e56-bf89-ef0f13b1bddb.mov,ZO1+cevjCA/niRKfvyBHeg==,https://res.cloudinary.com/pitchingcoachu/video/upload/v1771384411/trackman/2109bf75-26ea-4e05-8f05-94587177fa48/VideoClip/af1ce823-6e2.mov,trackman/2109bf75-26ea-4e05-8f05-94587177fa48/VideoClip/af1ce823-6e2,2026-02-18T19:00:31Z
2109bf75-26ea-4e05-8f05-94587177fa48,b1be2d23-d121-44e0-9b5d-0f66e8e702e4,VideoClip,,PitchersHand,EdgertronicVideos,Plays/b1be2d23-d121-44e0-9b5d-0f66e8e702e4/Edgertronic/39b031f9-9415-4b1a-957f-ffa1aca1d8f9.mov,+DTD67j5n+rkBcDWZ1eZmA==,https://res.cloudinary.com/pitchingcoachu/video/upload/v1771384412/trackman/2109bf75-26ea-4e05-8f05-94587177fa48/VideoClip/b1be2d23-d12.mov,trackman/2109bf75-26ea-4e05-8f05-94587177fa48/VideoClip/b1be2d23-d12,2026-02-18T19:00:31Z
2109bf75-26ea-4e05-8f05-94587177fa48,b4ed2eda-e8c7-4e65-acd4-fac72e32fef9,VideoClip,,PitchersHand,EdgertronicVideos,Plays/b4ed2eda-e8c7-4e65-acd4-fac72e32fef9/Edgertronic/ef868736-0b7c-4251-bd1d-8ee4bc3fe743.mov,X1i7gwiZ16m3oBQDmhcEVA==,https://res.cloudinary.com/pitchingcoachu/video/upload/v1771384413/trackman/2109bf75-26ea-4e05-8f05-94587177fa48/VideoClip/b4ed2eda-e8c.mov,trackman/2109bf75-26ea-4e05-8f05-94587177fa48/VideoClip/b4ed2eda-e8c,2026-02-18T19:00:32Z
2109bf75-26ea-4e05-8f05-94587177fa48,b81df628-3c1f-42b9-a95e-46f199b39941,VideoClip,,PitchersHand,EdgertronicVideos,Plays/b81df628-3c1f-42b9-a95e-46f199b39941/Edgertronic/d5d83f73-c7c5-4e92-a489-8ebbe4c155eb.mov,v/Zg0IjcS+syOSBU/7kVdw==,https://res.cloudinary.com/pitchingcoachu/video/upload/v1771384414/trackman/2109bf75-26ea-4e05-8f05-94587177fa48/VideoClip/b81df628-3c1.mov,trackman/2109bf75-26ea-4e05-8f05-94587177fa48/VideoClip/b81df628-3c1,2026-02-18T19:00:32Z
2109bf75-26ea-4e05-8f05-94587177fa48,bb5a819f-9043-4297-839e-3ec07818bc77,VideoClip,,PitchersHand,EdgertronicVideos,Plays/bb5a819f-9043-4297-839e-3ec07818bc77/Edgertronic/dd68574f-784d-4b2f-b36b-7dd21d025918.mov,1mNA6AmjkkSO11CfVjFVTQ==,https://res.cloudinary.com/pitchingcoachu/video/upload/v1771384415/trackman/2109bf75-26ea-4e05-8f05-94587177fa48/VideoClip/bb5a819f-904.mov,trackman/2109bf75-26ea-4e05-8f05-94587177fa48/VideoClip/bb5a819f-904,2026-02-18T19:00:33Z
2109bf75-26ea-4e05-8f05-94587177fa48,bb788a2b-058e-42e6-95fa-34a170277e23,VideoClip,,PitchersHand,EdgertronicVideos,Plays/bb788a2b-058e-42e6-95fa-34a170277e23/Edgertronic/2a29df45-9267-4d19-b38d-3ef9da8e480f.mov,V8/2KRZgR+X7vNUwmwntXw==,https://res.cloudinary.com/pitchingcoachu/video/upload/v1771384417/trackman/2109bf75-26ea-4e05-8f05-94587177fa48/VideoClip/bb788a2b-058.mov,trackman/2109bf75-26ea-4e05-8f05-94587177fa48/VideoClip/bb788a2b-058,2026-02-18T19:00:33Z
2109bf75-26ea-4e05-8f05-94587177fa48,bd619af7-4f0d-4406-9141-fdb1893edb46,VideoClip,,PitchersHand,EdgertronicVideos,Plays/bd619af7-4f0d-4406-9141-fdb1893edb46/Edgertronic/35a21d2d-b8a1-43a9-b0f1-4b204153653e.mov,ao1IBt8CciXaxvmTJRlOXg==,https://res.cloudinary.com/pitchingcoachu/video/upload/v1771384418/trackman/2109bf75-26ea-4e05-8f05-94587177fa48/VideoClip/bd619af7-4f0.mov,trackman/2109bf75-26ea-4e05-8f05-94587177fa48/VideoClip/bd619af7-4f0,2026-02-18T19:00:33Z
2109bf75-26ea-4e05-8f05-94587177fa48,be1a2815-1cbd-44e3-88b7-e78ddf10026a,VideoClip,,PitchersHand,EdgertronicVideos,Plays/be1a2815-1cbd-44e3-88b7-e78ddf10026a/Edgertronic/026b385d-79d0-4347-bef1-a77856a3dc7e.mov,pnq98RlIHOKoj39YWk77rw==,https://res.cloudinary.com/pitchingcoachu/video/upload/v1771384420/trackman/2109bf75-26ea-4e05-8f05-94587177fa48/VideoClip/be1a2815-1cb.mov,trackman/2109bf75-26ea-4e05-8f05-94587177fa48/VideoClip/be1a2815-1cb,2026-02-18T19:00:34Z
2109bf75-26ea-4e05-8f05-94587177fa48,c0428acb-acf2-4dae-ba9f-67f846737b84,VideoClip,,PitchersHand,EdgertronicVideos,Plays/c0428acb-acf2-4dae-ba9f-67f846737b84/Edgertronic/a143423d-4c50-45b5-a680-1c2f90a22a64.mov,ocovo2mkaLHxsQBl+x/6jg==,https://res.cloudinary.com/pitchingcoachu/video/upload/v1771384422/trackman/2109bf75-26ea-4e05-8f05-94587177fa48/VideoClip/c0428acb-acf.mov,trackman/2109bf75-26ea-4e05-8f05-94587177fa48/VideoClip/c0428acb-acf,2026-02-18T19:00:34Z
2109bf75-26ea-4e05-8f05-94587177fa48,c2047373-d838-433a-9296-e117e8699355,VideoClip,,PitchersHand,EdgertronicVideos,Plays/c2047373-d838-433a-9296-e117e8699355/Edgertronic/39f1b863-cdeb-4dd1-afe8-ccffdf05490b.mov,xmeQO6mqRSbfD/BhS3GUew==,https://res.cloudinary.com/pitchingcoachu/video/upload/v1771384424/trackman/2109bf75-26ea-4e05-8f05-94587177fa48/VideoClip/c2047373-d83.mov,trackman/2109bf75-26ea-4e05-8f05-94587177fa48/VideoClip/c2047373-d83,2026-02-18T19:00:35Z
2109bf75-26ea-4e05-8f05-94587177fa48,c404d788-66d9-4a28-a040-2566a87407e2,VideoClip,,PitchersHand,EdgertronicVideos,Plays/c404d788-66d9-4a28-a040-2566a87407e2/Edgertronic/f21b2bf1-05e5-40f7-ad47-887eb5471652.mov,s5yW71CTCxUaQgwa4xgOgA==,https://res.cloudinary.com/pitchingcoachu/video/upload/v1771384426/trackman/2109bf75-26ea-4e05-8f05-94587177fa48/VideoClip/c404d788-66d.mov,trackman/2109bf75-26ea-4e05-8f05-94587177fa48/VideoClip/c404d788-66d,2026-02-18T19:00:35Z
2109bf75-26ea-4e05-8f05-94587177fa48,c5b08f86-be64-4c5e-9eff-ba03cb942f7d,VideoClip,,PitchersHand,EdgertronicVideos,Plays/c5b08f86-be64-4c5e-9eff-ba03cb942f7d/Edgertronic/f89db09d-d74a-45e0-818b-eccecf8b225f.mov,wwx3DBScEN9k9ZU9pRfEWg==,https://res.cloudinary.com/pitchingcoachu/video/upload/v1771384427/trackman/2109bf75-26ea-4e05-8f05-94587177fa48/VideoClip/c5b08f86-be6.mov,trackman/2109bf75-26ea-4e05-8f05-94587177fa48/VideoClip/c5b08f86-be6,2026-02-18T19:00:35Z
2109bf75-26ea-4e05-8f05-94587177fa48,c66e8b8e-ea45-4c0d-adda-bced6a322f9f,VideoClip,,PitchersHand,EdgertronicVideos,Plays/c66e8b8e-ea45-4c0d-adda-bced6a322f9f/Edgertronic/ea2181eb-0426-48b6-8624-542d835f15cf.mov,9xXRyY2OmNJjPRP63YISyw==,https://res.cloudinary.com/pitchingcoachu/video/upload/v1771384429/trackman/2109bf75-26ea-4e05-8f05-94587177fa48/VideoClip/c66e8b8e-ea4.mov,trackman/2109bf75-26ea-4e05-8f05-94587177fa48/VideoClip/c66e8b8e-ea4,2026-02-18T19:00:35Z
2109bf75-26ea-4e05-8f05-94587177fa48,c85bfde2-f839-4c1b-a276-8cffc7a8b6d4,VideoClip,,PitchersHand,EdgertronicVideos,Plays/c85bfde2-f839-4c1b-a276-8cffc7a8b6d4/Edgertronic/3430e411-bb69-4dea-a070-d6c0d07d8f33.mov,7uh2qAQUEo8BFe2XTfus6g==,https://res.cloudinary.com/pitchingcoachu/video/upload/v1771384430/trackman/2109bf75-26ea-4e05-8f05-94587177fa48/VideoClip/c85bfde2-f83.mov,trackman/2109bf75-26ea-4e05-8f05-94587177fa48/VideoClip/c85bfde2-f83,2026-02-18T19:00:36Z
2109bf75-26ea-4e05-8f05-94587177fa48,caf1d065-bb77-44b9-bb06-35aaebab385e,VideoClip,,PitchersHand,EdgertronicVideos,Plays/caf1d065-bb77-44b9-bb06-35aaebab385e/Edgertronic/b3407567-33e6-4eef-8aa9-b071aea28df9.mov,WmD7DCoRzOU1wpgyeE9l0w==,https://res.cloudinary.com/pitchingcoachu/video/upload/v1771384431/trackman/2109bf75-26ea-4e05-8f05-94587177fa48/VideoClip/caf1d065-bb7.mov,trackman/2109bf75-26ea-4e05-8f05-94587177fa48/VideoClip/caf1d065-bb7,2026-02-18T19:00:36Z
2109bf75-26ea-4e05-8f05-94587177fa48,cb13339b-b897-4075-9846-3df800daed49,VideoClip,,PitchersHand,EdgertronicVideos,Plays/cb13339b-b897-4075-9846-3df800daed49/Edgertronic/979f09eb-ec8b-41af-870f-57d7647c1a99.mov,grY6OFxYtrQapJg60q8lqQ==,https://res.cloudinary.com/pitchingcoachu/video/upload/v1771384433/trackman/2109bf75-26ea-4e05-8f05-94587177fa48/VideoClip/cb13339b-b89.mov,trackman/2109bf75-26ea-4e05-8f05-94587177fa48/VideoClip/cb13339b-b89,2026-02-18T19:00:37Z
2109bf75-26ea-4e05-8f05-94587177fa48,cd2d989a-af47-441d-84a1-e170c43b16b5,VideoClip,,PitchersHand,EdgertronicVideos,Plays/cd2d989a-af47-441d-84a1-e170c43b16b5/Edgertronic/48dbaefb-72cc-4830-8fd3-d91bfc5d71d0.mov,ZQFNpYy+6JWBPbiaA5Uahw==,https://res.cloudinary.com/pitchingcoachu/video/upload/v1771384434/trackman/2109bf75-26ea-4e05-8f05-94587177fa48/VideoClip/cd2d989a-af4.mov,trackman/2109bf75-26ea-4e05-8f05-94587177fa48/VideoClip/cd2d989a-af4,2026-02-18T19:00:37Z
2109bf75-26ea-4e05-8f05-94587177fa48,ce2a1d84-e08d-4f25-8a54-3af2b55104ed,VideoClip,,PitchersHand,EdgertronicVideos,Plays/ce2a1d84-e08d-4f25-8a54-3af2b55104ed/Edgertronic/9bd7ea59-d0e2-42bc-9153-3fdb37a33054.mov,Grv1C/ijZ3VsAci4zHayMw==,https://res.cloudinary.com/pitchingcoachu/video/upload/v1771384435/trackman/2109bf75-26ea-4e05-8f05-94587177fa48/VideoClip/ce2a1d84-e08.mov,trackman/2109bf75-26ea-4e05-8f05-94587177fa48/VideoClip/ce2a1d84-e08,2026-02-18T19:00:37Z
2109bf75-26ea-4e05-8f05-94587177fa48,ce65cc95-8a27-46c4-a852-240c77ad514c,VideoClip,,PitchersHand,EdgertronicVideos,Plays/ce65cc95-8a27-46c4-a852-240c77ad514c/Edgertronic/3dcfa00e-b575-4696-90db-2abc2f2fae1c.mov,jRDLqewz+k05KfaUADv3tw==,https://res.cloudinary.com/pitchingcoachu/video/upload/v1771384436/trackman/2109bf75-26ea-4e05-8f05-94587177fa48/VideoClip/ce65cc95-8a2.mov,trackman/2109bf75-26ea-4e05-8f05-94587177fa48/VideoClip/ce65cc95-8a2,2026-02-18T19:00:38Z
2109bf75-26ea-4e05-8f05-94587177fa48,cf042668-91e0-4a49-8305-86992522ed5f,VideoClip,,PitchersHand,EdgertronicVideos,Plays/cf042668-91e0-4a49-8305-86992522ed5f/Edgertronic/c72d64dc-122e-4fd1-b772-c7239619fffa.mov,+2unqYUqI2SNeZykGfob0A==,https://res.cloudinary.com/pitchingcoachu/video/upload/v1771384437/trackman/2109bf75-26ea-4e05-8f05-94587177fa48/VideoClip/cf042668-91e.mov,trackman/2109bf75-26ea-4e05-8f05-94587177fa48/VideoClip/cf042668-91e,2026-02-18T19:00:38Z
2109bf75-26ea-4e05-8f05-94587177fa48,d435bcc4-dd03-4f35-a10a-4f2285c72b15,VideoClip,,PitchersHand,EdgertronicVideos,Plays/d435bcc4-dd03-4f35-a10a-4f2285c72b15/Edgertronic/30044053-6e7f-449d-bb19-4aca99147846.mov,EzlL/WLwWvTiIFN/CFao/w==,https://res.cloudinary.com/pitchingcoachu/video/upload/v1771384438/trackman/2109bf75-26ea-4e05-8f05-94587177fa48/VideoClip/d435bcc4-dd0.mov,trackman/2109bf75-26ea-4e05-8f05-94587177fa48/VideoClip/d435bcc4-dd0,2026-02-18T19:00:39Z
2109bf75-26ea-4e05-8f05-94587177fa48,d87d5876-ff88-4bab-8b55-55afed0aaedc,VideoClip,,PitchersHand,EdgertronicVideos,Plays/d87d5876-ff88-4bab-8b55-55afed0aaedc/Edgertronic/31231e16-7bb7-4588-afc7-f4b1a4295d10.mov,tMC5zJOeGySMgMU5oP+OYA==,https://res.cloudinary.com/pitchingcoachu/video/upload/v1771384439/trackman/2109bf75-26ea-4e05-8f05-94587177fa48/VideoClip/d87d5876-ff8.mov,trackman/2109bf75-26ea-4e05-8f05-94587177fa48/VideoClip/d87d5876-ff8,2026-02-18T19:00:40Z
2109bf75-26ea-4e05-8f05-94587177fa48,dc4e2f79-d0cb-4cef-81b6-60f7096325eb,VideoClip,,PitchersHand,EdgertronicVideos,Plays/dc4e2f79-d0cb-4cef-81b6-60f7096325eb/Edgertronic/2a62c8f1-9196-44af-b88b-45e4658777f3.mov,XL0V+Fg5IL9dGepSmr//4A==,https://res.cloudinary.com/pitchingcoachu/video/upload/v1771384440/trackman/2109bf75-26ea-4e05-8f05-94587177fa48/VideoClip/dc4e2f79-d0c.mov,trackman/2109bf75-26ea-4e05-8f05-94587177fa48/VideoClip/dc4e2f79-d0c,2026-02-18T19:00:40Z
2109bf75-26ea-4e05-8f05-94587177fa48,dd441e0d-5423-4356-8b95-25d3e1070e18,VideoClip,,PitchersHand,EdgertronicVideos,Plays/dd441e0d-5423-4356-8b95-25d3e1070e18/Edgertronic/928a5a96-4217-4e31-aba1-69056c13b0bb.mov,okFZLiNl7Vip4uM8pGsC3g==,https://res.cloudinary.com/pitchingcoachu/video/upload/v1771384441/trackman/2109bf75-26ea-4e05-8f05-94587177fa48/VideoClip/dd441e0d-542.mov,trackman/2109bf75-26ea-4e05-8f05-94587177fa48/VideoClip/dd441e0d-542,2026-02-18T19:00:40Z
2109bf75-26ea-4e05-8f05-94587177fa48,decef25b-8643-4d10-8eeb-ba597eb7f9a6,VideoClip,,PitchersHand,EdgertronicVideos,Plays/decef25b-8643-4d10-8eeb-ba597eb7f9a6/Edgertronic/594f025d-5414-4619-a2e6-fad7c132c8ac.mov,E5cq9kNwNpeoqvb363ElZA==,https://res.cloudinary.com/pitchingcoachu/video/upload/v1771384442/trackman/2109bf75-26ea-4e05-8f05-94587177fa48/VideoClip/decef25b-864.mov,trackman/2109bf75-26ea-4e05-8f05-94587177fa48/VideoClip/decef25b-864,2026-02-18T19:00:41Z
2109bf75-26ea-4e05-8f05-94587177fa48,ded12b38-87ff-438b-8ebb-39897f124b91,VideoClip,,PitchersHand,EdgertronicVideos,Plays/ded12b38-87ff-438b-8ebb-39897f124b91/Edgertronic/e611a055-22a5-47e8-8b67-ee90934129a1.mov,WYAbRw/ZHZWziFWXzkBDwg==,https://res.cloudinary.com/pitchingcoachu/video/upload/v1771384442/trackman/2109bf75-26ea-4e05-8f05-94587177fa48/VideoClip/ded12b38-87f.mov,trackman/2109bf75-26ea-4e05-8f05-94587177fa48/VideoClip/ded12b38-87f,2026-02-18T19:00:41Z
2109bf75-26ea-4e05-8f05-94587177fa48,ded9baae-f3b6-46da-a138-ef846ac9c0f1,VideoClip,,PitchersHand,EdgertronicVideos,Plays/ded9baae-f3b6-46da-a138-ef846ac9c0f1/Edgertronic/254d453e-c1da-4180-8466-9e4f11150bad.mov,la0lRbHPSeXKok+VT6lFUQ==,https://res.cloudinary.com/pitchingcoachu/video/upload/v1771384443/trackman/2109bf75-26ea-4e05-8f05-94587177fa48/VideoClip/ded9baae-f3b.mov,trackman/2109bf75-26ea-4e05-8f05-94587177fa48/VideoClip/ded9baae-f3b,2026-02-18T19:00:42Z
2109bf75-26ea-4e05-8f05-94587177fa48,e036266b-01f8-4a3a-9d32-1001dc04623e,VideoClip,,PitchersHand,EdgertronicVideos,Plays/e036266b-01f8-4a3a-9d32-1001dc04623e/Edgertronic/ffbb5f87-b192-4a04-b448-240f8624952e.mov,E0iQKmB2T2MgHdTaFrASIw==,https://res.cloudinary.com/pitchingcoachu/video/upload/v1771384444/trackman/2109bf75-26ea-4e05-8f05-94587177fa48/VideoClip/e036266b-01f.mov,trackman/2109bf75-26ea-4e05-8f05-94587177fa48/VideoClip/e036266b-01f,2026-02-18T19:00:42Z
2109bf75-26ea-4e05-8f05-94587177fa48,e1b04d59-8856-4e2e-af16-087254d71173,VideoClip,,PitchersHand,EdgertronicVideos,Plays/e1b04d59-8856-4e2e-af16-087254d71173/Edgertronic/4c2353c8-51f0-4fd3-a172-e77de6cea6ef.mov,DczuX73ACVvW2IA30fOi6A==,https://res.cloudinary.com/pitchingcoachu/video/upload/v1771384445/trackman/2109bf75-26ea-4e05-8f05-94587177fa48/VideoClip/e1b04d59-885.mov,trackman/2109bf75-26ea-4e05-8f05-94587177fa48/VideoClip/e1b04d59-885,2026-02-18T19:00:42Z
2109bf75-26ea-4e05-8f05-94587177fa48,e20ffa11-7f00-4f67-a71e-be474d128b01,VideoClip,,PitchersHand,EdgertronicVideos,Plays/e20ffa11-7f00-4f67-a71e-be474d128b01/Edgertronic/a134094b-1e6c-4a16-9cce-9a2a75b3f923.mov,wOh/m7UPf9ENxHBGw+yVvw==,https://res.cloudinary.com/pitchingcoachu/video/upload/v1771384446/trackman/2109bf75-26ea-4e05-8f05-94587177fa48/VideoClip/e20ffa11-7f0.mov,trackman/2109bf75-26ea-4e05-8f05-94587177fa48/VideoClip/e20ffa11-7f0,2026-02-18T19:00:43Z
2109bf75-26ea-4e05-8f05-94587177fa48,e4ce69f7-c897-4940-a8cd-4268be9c9c20,VideoClip,,PitchersHand,EdgertronicVideos,Plays/e4ce69f7-c897-4940-a8cd-4268be9c9c20/Edgertronic/8ffe29fe-a2b5-4f35-848d-08700b194dd5.mov,gRo9B2LJqynGgqdeBx55Og==,https://res.cloudinary.com/pitchingcoachu/video/upload/v1771384447/trackman/2109bf75-26ea-4e05-8f05-94587177fa48/VideoClip/e4ce69f7-c89.mov,trackman/2109bf75-26ea-4e05-8f05-94587177fa48/VideoClip/e4ce69f7-c89,2026-02-18T19:00:43Z
2109bf75-26ea-4e05-8f05-94587177fa48,e4fc2d91-b5d5-4986-b056-fd9452fe259b,VideoClip,,PitchersHand,EdgertronicVideos,Plays/e4fc2d91-b5d5-4986-b056-fd9452fe259b/Edgertronic/888181fe-914c-4000-8a3c-7f286ef0b347.mov,RUbV77ZoLfVVrXoLODstsw==,https://res.cloudinary.com/pitchingcoachu/video/upload/v1771384448/trackman/2109bf75-26ea-4e05-8f05-94587177fa48/VideoClip/e4fc2d91-b5d.mov,trackman/2109bf75-26ea-4e05-8f05-94587177fa48/VideoClip/e4fc2d91-b5d,2026-02-18T19:00:43Z
2109bf75-26ea-4e05-8f05-94587177fa48,e6b814f2-a7fd-4fd6-a363-fc49a0b3d0b6,VideoClip,,PitchersHand,EdgertronicVideos,Plays/e6b814f2-a7fd-4fd6-a363-fc49a0b3d0b6/Edgertronic/02790be2-8343-461a-97c8-5f14c4e94df1.mov,r3qHJATl8JpUS0dkrVkyYg==,https://res.cloudinary.com/pitchingcoachu/video/upload/v1771384449/trackman/2109bf75-26ea-4e05-8f05-94587177fa48/VideoClip/e6b814f2-a7f.mov,trackman/2109bf75-26ea-4e05-8f05-94587177fa48/VideoClip/e6b814f2-a7f,2026-02-18T19:00:44Z
2109bf75-26ea-4e05-8f05-94587177fa48,e8e35843-fcd7-40b4-988c-95330d1599b4,VideoClip,,PitchersHand,EdgertronicVideos,Plays/e8e35843-fcd7-40b4-988c-95330d1599b4/Edgertronic/e5cea5bc-1221-4cd6-9edb-05a1972d969d.mov,G/m7D/15wdS86M8FnEUrFg==,https://res.cloudinary.com/pitchingcoachu/video/upload/v1771384451/trackman/2109bf75-26ea-4e05-8f05-94587177fa48/VideoClip/e8e35843-fcd.mov,trackman/2109bf75-26ea-4e05-8f05-94587177fa48/VideoClip/e8e35843-fcd,2026-02-18T19:00:44Z
2109bf75-26ea-4e05-8f05-94587177fa48,ea09080c-189b-4daf-8403-e854fb8bc0bc,VideoClip,,PitchersHand,EdgertronicVideos,Plays/ea09080c-189b-4daf-8403-e854fb8bc0bc/Edgertronic/ec5358ec-d77e-4ea2-afe1-01e910e3bc4a.mov,vfqBO1tlwFh1wcrXFclSSw==,https://res.cloudinary.com/pitchingcoachu/video/upload/v1771384452/trackman/2109bf75-26ea-4e05-8f05-94587177fa48/VideoClip/ea09080c-189.mov,trackman/2109bf75-26ea-4e05-8f05-94587177fa48/VideoClip/ea09080c-189,2026-02-18T19:00:44Z
2109bf75-26ea-4e05-8f05-94587177fa48,ea9b88d5-b7a3-4f40-8c39-83f152152c5d,VideoClip,,PitchersHand,EdgertronicVideos,Plays/ea9b88d5-b7a3-4f40-8c39-83f152152c5d/Edgertronic/4bc91c81-d486-4e7c-aca9-c7c3b58589ca.mov,DdpM77WLjyTN3BZihhI0Hw==,https://res.cloudinary.com/pitchingcoachu/video/upload/v1771384454/trackman/2109bf75-26ea-4e05-8f05-94587177fa48/VideoClip/ea9b88d5-b7a.mov,trackman/2109bf75-26ea-4e05-8f05-94587177fa48/VideoClip/ea9b88d5-b7a,2026-02-18T19:00:45Z
2109bf75-26ea-4e05-8f05-94587177fa48,eb19c2ff-c16f-40f8-bf33-1ed054133d3e,VideoClip,,PitchersHand,EdgertronicVideos,Plays/eb19c2ff-c16f-40f8-bf33-1ed054133d3e/Edgertronic/967c2763-26d8-46b5-bb0c-90cfcc65afe4.mov,+GU/JDsMjYkQJVTSj+LlYQ==,https://res.cloudinary.com/pitchingcoachu/video/upload/v1771384455/trackman/2109bf75-26ea-4e05-8f05-94587177fa48/VideoClip/eb19c2ff-c16.mov,trackman/2109bf75-26ea-4e05-8f05-94587177fa48/VideoClip/eb19c2ff-c16,2026-02-18T19:00:45Z
2109bf75-26ea-4e05-8f05-94587177fa48,eba29a0b-15ac-4be6-9c66-9487f6a63749,VideoClip,,PitchersHand,EdgertronicVideos,Plays/eba29a0b-15ac-4be6-9c66-9487f6a63749/Edgertronic/91825d11-d479-42a1-8102-2b3d6050e8e0.mov,E9HpmN56ZM8K/zshsmJTww==,https://res.cloudinary.com/pitchingcoachu/video/upload/v1771384457/trackman/2109bf75-26ea-4e05-8f05-94587177fa48/VideoClip/eba29a0b-15a.mov,trackman/2109bf75-26ea-4e05-8f05-94587177fa48/VideoClip/eba29a0b-15a,2026-02-18T19:00:46Z
2109bf75-26ea-4e05-8f05-94587177fa48,f0fa8d0e-51c9-43ea-954e-e2c54483fdd3,VideoClip,,PitchersHand,EdgertronicVideos,Plays/f0fa8d0e-51c9-43ea-954e-e2c54483fdd3/Edgertronic/416c832a-de0f-484b-a4af-9d133e15bad6.mov,E4Ph9P5GvIIGL1uGG4UzKg==,https://res.cloudinary.com/pitchingcoachu/video/upload/v1771384457/trackman/2109bf75-26ea-4e05-8f05-94587177fa48/VideoClip/f0fa8d0e-51c.mov,trackman/2109bf75-26ea-4e05-8f05-94587177fa48/VideoClip/f0fa8d0e-51c,2026-02-18T19:00:46Z
2109bf75-26ea-4e05-8f05-94587177fa48,f295d23f-8f8b-40c7-b79a-73b963213122,VideoClip,,PitchersHand,EdgertronicVideos,Plays/f295d23f-8f8b-40c7-b79a-73b963213122/Edgertronic/196883d9-9106-403b-9440-eb50314b7bc7.mov,MUszcCXdsJfJftD/gRekPQ==,https://res.cloudinary.com/pitchingcoachu/video/upload/v1771384458/trackman/2109bf75-26ea-4e05-8f05-94587177fa48/VideoClip/f295d23f-8f8.mov,trackman/2109bf75-26ea-4e05-8f05-94587177fa48/VideoClip/f295d23f-8f8,2026-02-18T19:00:46Z
2109bf75-26ea-4e05-8f05-94587177fa48,f321d2bd-1314-4043-b03c-c0789ff7b09c,VideoClip,,PitchersHand,EdgertronicVideos,Plays/f321d2bd-1314-4043-b03c-c0789ff7b09c/Edgertronic/77368e0f-c5c6-42ff-8328-91fa592b27f2.mov,NqtgvI4bAIXkndSut4Ym/A==,https://res.cloudinary.com/pitchingcoachu/video/upload/v1771384460/trackman/2109bf75-26ea-4e05-8f05-94587177fa48/VideoClip/f321d2bd-131.mov,trackman/2109bf75-26ea-4e05-8f05-94587177fa48/VideoClip/f321d2bd-131,2026-02-18T19:00:46Z
2109bf75-26ea-4e05-8f05-94587177fa48,f3eafda3-a1c7-4d64-8e86-b1526c450ace,VideoClip,,PitchersHand,EdgertronicVideos,Plays/f3eafda3-a1c7-4d64-8e86-b1526c450ace/Edgertronic/892a314e-0994-4b55-a62f-746ef02fbbcb.mov,pZ0c38M0wvMEC7Ec7yJVlA==,https://res.cloudinary.com/pitchingcoachu/video/upload/v1771384460/trackman/2109bf75-26ea-4e05-8f05-94587177fa48/VideoClip/f3eafda3-a1c.mov,trackman/2109bf75-26ea-4e05-8f05-94587177fa48/VideoClip/f3eafda3-a1c,2026-02-18T19:00:47Z
2109bf75-26ea-4e05-8f05-94587177fa48,f5797a13-c24b-43eb-b21c-f275b8add576,VideoClip,,PitchersHand,EdgertronicVideos,Plays/f5797a13-c24b-43eb-b21c-f275b8add576/Edgertronic/b83935d8-eaa5-4688-a37a-80d564fce5b2.mov,rxwnpi8VrqmEovaJz+wBNQ==,https://res.cloudinary.com/pitchingcoachu/video/upload/v1771384461/trackman/2109bf75-26ea-4e05-8f05-94587177fa48/VideoClip/f5797a13-c24.mov,trackman/2109bf75-26ea-4e05-8f05-94587177fa48/VideoClip/f5797a13-c24,2026-02-18T19:00:47Z
2109bf75-26ea-4e05-8f05-94587177fa48,f785f8da-d365-40cf-b016-93ed548da4bf,VideoClip,,PitchersHand,EdgertronicVideos,Plays/f785f8da-d365-40cf-b016-93ed548da4bf/Edgertronic/cf55f6ed-502e-441c-8d81-cf8dbcce84c9.mov,xw6OqJR+ymP/DZvH1dfokA==,https://res.cloudinary.com/pitchingcoachu/video/upload/v1771384462/trackman/2109bf75-26ea-4e05-8f05-94587177fa48/VideoClip/f785f8da-d36.mov,trackman/2109bf75-26ea-4e05-8f05-94587177fa48/VideoClip/f785f8da-d36,2026-02-18T19:00:47Z
2109bf75-26ea-4e05-8f05-94587177fa48,f8c2322a-b333-4b9e-8c2a-84a0da195f41,VideoClip,,PitchersHand,EdgertronicVideos,Plays/f8c2322a-b333-4b9e-8c2a-84a0da195f41/Edgertronic/d2be8c09-83f3-488e-b93c-0d4f1503ff1b.mov,bLPGoPqtfC0LUf2WjY+V2w==,https://res.cloudinary.com/pitchingcoachu/video/upload/v1771384463/trackman/2109bf75-26ea-4e05-8f05-94587177fa48/VideoClip/f8c2322a-b33.mov,trackman/2109bf75-26ea-4e05-8f05-94587177fa48/VideoClip/f8c2322a-b33,2026-02-18T19:00:47Z
2109bf75-26ea-4e05-8f05-94587177fa48,f9ecb2db-783f-4b3c-974b-25fdc6f40555,VideoClip,,PitchersHand,EdgertronicVideos,Plays/f9ecb2db-783f-4b3c-974b-25fdc6f40555/Edgertronic/be304ad6-16c0-4ebe-b3dc-e55668047673.mov,RkQGCwAYuMz09+aMqyLnDg==,https://res.cloudinary.com/pitchingcoachu/video/upload/v1771384464/trackman/2109bf75-26ea-4e05-8f05-94587177fa48/VideoClip/f9ecb2db-783.mov,trackman/2109bf75-26ea-4e05-8f05-94587177fa48/VideoClip/f9ecb2db-783,2026-02-18T19:00:48Z
2109bf75-26ea-4e05-8f05-94587177fa48,fa619c03-dd41-4a4f-ba3c-c16247dffc7f,VideoClip,,PitchersHand,EdgertronicVideos,Plays/fa619c03-dd41-4a4f-ba3c-c16247dffc7f/Edgertronic/784f094f-251c-4e49-9047-f0ab0504cf2a.mov,nBsLeNfPMuZIz2FLYwLOrA==,https://res.cloudinary.com/pitchingcoachu/video/upload/v1771384465/trackman/2109bf75-26ea-4e05-8f05-94587177fa48/VideoClip/fa619c03-dd4.mov,trackman/2109bf75-26ea-4e05-8f05-94587177fa48/VideoClip/fa619c03-dd4,2026-02-18T19:00:48Z
2109bf75-26ea-4e05-8f05-94587177fa48,fd64f7cc-e64d-4855-865c-1d82633e64fd,VideoClip,,PitchersHand,EdgertronicVideos,Plays/fd64f7cc-e64d-4855-865c-1d82633e64fd/Edgertronic/c9d6ab14-8f40-4aff-a7ac-c85755e11650.mov,1kJ6kWNWZ+xQCBHPcTu6/Q==,https://res.cloudinary.com/pitchingcoachu/video/upload/v1771384466/trackman/2109bf75-26ea-4e05-8f05-94587177fa48/VideoClip/fd64f7cc-e64.mov,trackman/2109bf75-26ea-4e05-8f05-94587177fa48/VideoClip/fd64f7cc-e64,2026-02-18T19:00:48Z
2109bf75-26ea-4e05-8f05-94587177fa48,fe3ec461-0528-4b13-a137-0b11d8add1d5,VideoClip,,PitchersHand,EdgertronicVideos,Plays/fe3ec461-0528-4b13-a137-0b11d8add1d5/Edgertronic/52de74da-8c00-441d-8af9-c5fe50c9c4ea.mov,8VeJapxrLJpGKyyvei6baQ==,https://res.cloudinary.com/pitchingcoachu/video/upload/v1771384467/trackman/2109bf75-26ea-4e05-8f05-94587177fa48/VideoClip/fe3ec461-052.mov,trackman/2109bf75-26ea-4e05-8f05-94587177fa48/VideoClip/fe3ec461-052,2026-02-18T19:00:49Z
2109bf75-26ea-4e05-8f05-94587177fa48,fe9a350e-89f8-4ab8-9fd2-4758f0cfe828,VideoClip,,PitchersHand,EdgertronicVideos,Plays/fe9a350e-89f8-4ab8-9fd2-4758f0cfe828/Edgertronic/7c2a1314-798b-41aa-892b-9a6653bb924d.mov,SqW5LDbIVU2M8V/YPO9mag==,https://res.cloudinary.com/pitchingcoachu/video/upload/v1771384468/trackman/2109bf75-26ea-4e05-8f05-94587177fa48/VideoClip/fe9a350e-89f.mov,trackman/2109bf75-26ea-4e05-8f05-94587177fa48/VideoClip/fe9a350e-89f,2026-02-18T19:00:50Z
2109bf75-26ea-4e05-8f05-94587177fa48,ffc60f55-3684-4bb5-96a9-6080a8d31c86,VideoClip,,PitchersHand,EdgertronicVideos,Plays/ffc60f55-3684-4bb5-96a9-6080a8d31c86/Edgertronic/324ca82d-523d-414b-b7ab-b4b519709298.mov,eod4QPOCqX1xbZTwF+UlWA==,https://res.cloudinary.com/pitchingcoachu/video/upload/v1771384469/trackman/2109bf75-26ea-4e05-8f05-94587177fa48/VideoClip/ffc60f55-368.mov,trackman/2109bf75-26ea-4e05-8f05-94587177fa48/VideoClip/ffc60f55-368,2026-02-18T19:00:50Z
